trial_no,frame,x,y,mouse_state
0,0,330.8377661623347,480.51329859480813,1
0,1,329.8561915274266,480.68925880127927,1
0,2,329.6817889460713,481.1964534788561,1
0,3,328.6997730235889,481.36929650228217,1
0,4,327.5460859964388,482.0441558439399,1
0,5,322.2860243634538,483.85820880289657,1
0,6,320.1493908635333,484.66153843339833,1
0,7,317.01922795071175,485.5977730032692,1
0,8,309.618585995607,488.00349732289214,1
0,9,304.35881473708525,489.56278630217446,1
0,10,301.2290567107404,490.36874848690684,1
0,11,286.8573184596866,492.57277517440076,1
0,12,283.72965330370556,493.24258945803876,1
0,13,276.5757421027094,493.6498212281897,1
0,14,263.21480074341594,494.08842622914716,1
0,15,256.0,494.15,1
0,16,247.7551656247458,494.06959406960317,1
0,17,235.32392172055438,492.74109616099685,1
0,18,226.8996069330544,490.88174436368854,1
0,19,221.67567608777432,490.02948151413364,1
0,20,206.9340443518263,486.7143874859365,1
0,21,200.5836182653118,484.9846715747355,1
0,22,194.94672816274357,482.31816272301035,1
0,23,188.41558374896604,479.87337878982544,1
0,24,181.06777737971055,477.6305177360932,1
0,25,176.72937645762823,475.8438625498683,1
0,26,166.88838939054122,471.3530588886355,1
0,27,160.65719252809998,468.9322700168441,1
0,28,158.05074633059738,466.80382865510563,1
0,29,149.5127779294379,462.5852108440492,1
0,30,146.46522144128463,461.2447792728623,1
0,31,142.2607629500873,459.02985303169146,1
0,32,136.6452302967795,455.27983858960425,1
0,33,133.67660189298547,453.8448004970683,1
0,34,130.7326285513394,452.39376032491174,1
0,35,126.09267440027719,448.731360112919,1
0,36,122.91516298055845,446.57748663536904,1
0,37,121.76422393339011,445.63466770112814,1
0,38,116.62825872561916,442.1836238199903,1
0,39,115.19469687573529,440.540283659061,1
0,40,111.79341631074541,437.59347572309684,1
0,41,106.17562647461743,432.5787259855369,1
0,42,104.44441502202318,430.1276933200573,1
0,43,100.80239844416668,426.28625727231497,1
0,44,96.55616505136348,420.86709468872954,1
0,45,92.33270270402065,415.30283612833955,1
0,46,89.53530245946486,411.5130727102294,1
0,47,83.67707318298326,402.91634147801045,1
0,48,79.97795753227408,396.3720085030113,1
0,49,77.28369230692958,392.2711845394102,1
0,50,74.62555762868115,388.1122481175443,1
0,51,71.69227591240255,382.9925171456955,1
0,52,70.08885051207251,379.9407663677335,1
0,53,65.6574538902025,373.1338745388936,1
0,54,63.500209678923845,369.698706610737,1
0,55,62.90979247535321,367.7890675008015,1
0,56,59.62804563933176,362.0859983974066,1
0,57,57.5916629310889,358.58612879715275,1
0,58,56.45365289053548,356.33686383105913,1
0,59,56.45365289053548,356.33686383105913,1
0,60,56.45365289053548,356.33686383105913,1
0,61,56.45365289053548,356.33686383105913,1
0,62,56.45365289053548,356.33686383105913,1
0,63,56.45365289053548,356.33686383105913,1
0,64,56.45365289053548,356.33686383105913,1
0,65,56.45365289053548,356.33686383105913,1
0,66,56.45365289053548,356.33686383105913,1
0,67,56.45365289053548,356.33686383105913,1
0,68,56.45365289053548,356.33686383105913,1
0,69,56.45365289053548,356.33686383105913,1
0,70,56.45365289053548,356.33686383105913,1
0,71,56.45365289053548,356.33686383105913,1
0,72,56.45365289053548,356.33686383105913,1
0,73,56.45365289053548,356.33686383105913,1
0,74,56.45365289053548,356.33686383105913,1
0,75,56.45365289053548,356.33686383105913,1
0,76,56.45365289053548,356.33686383105913,1
0,77,56.45365289053548,356.33686383105913,1
0,78,56.45365289053548,356.33686383105913,1
0,79,56.45365289053548,356.33686383105913,1
0,80,53.132042236073715,349.54466941570206,1
0,81,51.55494479540465,345.2329246038787,1
0,82,48.69198090239456,339.37387722390844,1
0,83,44.880266508373666,328.25488209191946,1
0,84,43.35735617419577,322.7335956914129,1
0,85,41.913486226693195,317.16757536748247,1
0,86,40.068195516090746,308.27822634641416,1
0,87,39.46332303553865,303.86600233255615,1
0,88,38.29929702430275,298.17238754588914,1
0,89,37.269187955759804,288.06524987488814,1
0,90,36.897061752194936,283.5312592397673,1
0,91,36.50910456935437,277.8341728005225,1
0,92,36.318400524402264,274.40264709629554,1
0,93,36.20905928707838,272.11033071249835,1
0,94,36.11407962160999,269.81482220120245,1
0,95,36.07200484357893,268.6660102196599,1
0,96,35.54719399999012,266.33372531877853,1
0,97,35.51634158990331,265.18681904068904,1
0,98,35.429113786178064,260.59522675515836,1
0,99,34.06587883727594,252.5856289113963,1
0,100,33.380956639255594,226.91409480011097,1
0,101,34.75524523992154,212.64047524205145,1
0,102,36.2954405583947,200.79784934792792,1
0,103,39.07283759182896,184.05430795087585,1
0,104,40.05387182403723,178.95389392788715,1
0,105,41.08171001204069,173.92065303199962,1
0,106,42.47253947476177,169.72627855806724,1
0,107,45.22940153504547,164.12563656566087,1
0,108,47.84481770390543,159.51139987658846,1
0,109,52.6576782371545,148.92079864143835,1
0,110,57.52427700565309,141.0359199837718,1
0,111,60.48957790809027,136.52140877333312,1
0,112,69.13956638005047,123.45945986723007,1
0,113,72.36125175732919,119.08590369241648,1
0,114,76.64740094529522,113.60490625298084,1
0,115,86.33982931925118,103.85313735938438,1
0,116,92.1268368887969,98.72575622088816,1
0,117,98.07404999081396,93.65654087490343,1
0,118,108.60685088964614,86.27455546391732,1
0,119,113.7965705883804,82.44463334777952,1
0,120,119.9551257622416,78.35462705771496,1
0,121,134.20527238699378,70.46223730765834,1
0,122,143.01557202263024,65.41010625258829,1
0,123,150.43579624188695,62.083147340637254,1
0,124,169.12970156545748,54.46090759397919,1
0,125,174.6593712103965,52.64842809412675,1
0,126,182.649429883226,49.91982683433105,1
0,127,193.8531635108116,47.28043572679297,1
0,128,200.76839125884868,45.649830714472444,1
0,129,206.60578557746814,44.3105096577247,1
0,130,218.23635850470774,42.399403127408306,1
0,131,221.7191222767154,42.04003873945394,1
0,132,226.48742257401415,41.1484363840146,1
0,133,234.76339413665764,40.09450745561991,1
0,134,239.51855916771723,39.386778434783295,1
0,135,250.1046066038644,39.04952065616897,1
0,136,253.64927402967564,38.55784152266165,1
0,137,259.52593014793075,38.567641530066105,1
0,138,269.99408797779665,37.92546284511128,1
0,139,278.1154529304298,38.33738454163498,1
0,140,283.7939991819511,38.28033957458113,1
0,141,295.0603942381249,38.87016177081741,1
0,142,300.6706831604465,39.51899701604919,1
0,143,306.0766466489247,39.75993472750466,1
0,144,316.9880731847622,41.41233488395664,1
0,145,323.41182956441304,42.529206337169704,1
0,146,330.7796152280772,43.93840454524684,1
0,147,342.06514204120674,46.354141045523306,1
0,148,349.0527252878354,47.999790604243785,1
0,149,353.9491874229501,49.21838200849366,1
0,150,363.76169381337047,52.330398787802814,1
0,151,367.76103787851065,53.970431501590554,1
0,152,371.7165452942079,55.638944806309304,1
0,153,377.07981702758246,58.84348378793311,1
0,154,380.9384003673463,60.583527637856136,1
0,155,383.27439542273186,62.41457508503209,1
0,156,389.37419509575017,66.07514612366086,1
0,157,393.3843396485853,68.56090099343812,1
0,158,396.2135658394087,70.11080281000119,1
0,159,403.4972276944567,75.607707173944,1
0,160,407.93814249850226,79.62425415359711,1
0,161,412.02635827187413,82.9911809018969,1
0,162,422.15006109833496,91.96650019665967,1
0,163,426.3349308202428,96.24487857244719,1
0,164,434.0927065120153,105.46926000001996,1
0,165,439.05661713757047,111.03608933171786,1
0,166,442.56,116.07999999999997,1
0,167,448.8054873218641,124.63801958748387,1
0,168,451.83860472028596,128.96955368286163,1
0,169,456.5755506631947,135.65466966879868,1
0,170,463.5758213514533,147.47050966447713,1
0,171,466.4204248866262,154.4906492302886,1
0,172,470.15438362579243,163.76519126064213,1
0,173,477.1180157458193,180.88335347643186,1
0,174,479.70656295896225,190.26631801755363,1
0,175,481.4475065301697,198.57469173607524,1
0,176,485.4734192675815,216.69205320708653,1
0,177,486.82311118732326,227.28007367744846,1
0,178,487.3385279613172,235.74455286490286,1
0,179,488.2872945352898,252.80338581863677,1
0,180,488.26471596628903,261.3271724302765,1
0,181,488.0620203338033,269.8385608959099,1
0,182,487.1281076897426,286.74639970133836,1
0,183,486.4078665525997,295.10592233291936,1
0,184,485.408585503515,304.40731619195867,1
0,185,483.1811069325248,320.6111404828688,1
0,186,481.7029383364778,329.5087551374517,1
0,187,480.8200702311532,334.37763919723835,1
0,188,477.48159469027945,346.23324223457644,1
0,189,476.128925771005,350.19470307729375,1
0,190,473.1084244209473,358.94812609442295,1
0,191,471.432129047413,363.7160644721381,1
0,192,469.9497923087602,367.5378064665372,1
0,193,466.08375139848977,376.19214626268285,1
0,194,464.5195626548312,379.90292855901544,1
0,195,462.68749929827203,384.4271840720086,1
0,196,457.9654933063495,392.9765968879885,1
0,197,456.313833039352,396.51865893102666,1
0,198,453.37168105348917,400.5398674401693,1
0,199,448.279074366109,407.4322243614615,1
0,200,446.15454500423857,410.31389774612126,1
0,201,443.60541950385675,412.67048331595913,1
0,202,439.25279136042377,418.33807059762484,1
0,203,436.7809690170778,421.88143868332503,1
0,204,434.13028183800594,424.1788694918688,1
0,205,427.4698075591971,430.4605600599737,1
0,206,423.71267336976007,433.6955706178825,1
0,207,420.4572103001631,435.4990284000173,1
0,208,411.93590558854754,442.1170485632641,1
0,209,408.2598427583717,444.56020264282694,1
0,210,404.2698365819352,447.6412852728913,1
0,211,396.1556609244056,452.0148010934018,1
0,212,390.3641709208978,455.5104356223604,1
0,213,386.4571135446379,457.8008473992865,1
0,214,376.1618310621994,462.4318635224859,1
0,215,370.9849325868502,465.43684151626553,1
0,216,366.24619047025385,467.21933690800836,1
0,217,359.37597255297237,469.9882630918682,1
0,218,354.5033481660094,471.67048852801855,1
0,219,348.6286286871007,473.5211618491567,1
0,220,336.65580722325575,477.0178614885241,1
0,221,328.58379048181394,479.01106632628694,1
0,222,323.584416251034,479.87337878982544,1
0,223,316.19060988804694,481.9787811003088,1
0,224,310.06096422161505,482.844045850593,1
0,225,301.6687853157255,484.34392669118444,1
0,226,292.167142240348,485.7677274994421,1
0,227,275.19369704184896,487.3906814962276,1
0,228,268.8098769383484,487.6452749952678,1
0,229,259.1966141813632,488.2872945352898,1
0,230,242.1614391040901,488.0620203338033,1
0,231,233.68204340382118,487.68164428403935,1
0,232,227.35493161142168,487.28240393062424,1
0,233,213.7804736032144,486.0964186846319,1
0,234,208.62013814126806,485.52910864364844,1
0,235,201.4625590839546,484.63773313442977,1
0,236,188.4044570461769,482.7050517528221,1
0,237,183.47151519159087,481.8744240257913,1
0,238,178.5917593667304,480.999952803805,1
0,239,168.60791053860893,478.0787213517981,1
0,240,162.5344868871176,475.79801974257424,1
0,241,157.44148633909776,473.65005097923944,1
0,242,146.8977208978246,468.02895759821365,1
0,243,142.56407787094795,465.34083805781813,1
0,244,136.4694323908462,462.08718560976496,1
0,245,125.6703055925584,454.5976296596785,1
0,246,121.44700533182404,451.6193537942109,1
0,247,110.89368038474797,443.6017417783357,1
0,248,106.2194885398145,439.06506955045404,1
0,249,102.16092370292031,435.82540668492067,1
0,250,93.60307253208934,427.76598107756786,1
0,251,88.51134259314713,421.3950492111336,1
0,252,83.64238302200245,416.86710923172325,1
0,253,73.23918412163974,401.78608433416565,1
0,254,68.10555157246564,395.3374560910531,1
0,255,64.12402812777546,388.5110302433598,1
0,256,54.891044652559614,374.54843683544453,1
0,257,51.78076817827484,369.21998864576994,1
0,258,48.25975707840789,361.9899198396541,1
0,259,41.30073697851396,348.0139698950511,1
0,260,37.673111265942715,340.3775415611803,1
0,261,34.7403888115153,332.9140553253386,1
0,262,29.041971904148067,315.8917018261935,1
0,263,26.137170760408456,308.24155214199084,1
0,264,24.239073030340208,299.84666186970526,1
0,265,20.65940474077093,285.0287958826903,1
0,266,19.4217947447178,279.7611297515109,1
0,267,18.623544508093463,272.51314473948554,1
0,268,16.980888776286964,261.12916543564995,1
0,269,15.600000000000001,256.00000000000006,1
0,270,15.169109664220027,251.9353435976987,1
0,271,13.996441095148178,242.891473895448,1
0,272,13.229902719969228,238.94590229094604,1
0,273,12.542188233008256,234.0488857825797,1
0,274,12.053074954961339,220.44498260654527,1
0,275,11.533069727974144,215.74640907314836,1
0,276,11.688460454437031,197.09484622871807,1
0,277,12.721128838486553,186.08126933089562,1
0,278,12.851887286534733,179.0664175053981,1
0,279,15.798423703373908,162.17125924802488,1
0,280,17.50061640687126,153.5197960948535,1
0,281,19.105347678054024,145.88100145196864,1
0,282,22.863388887676518,129.41410570487994,1
0,283,24.421904974264894,123.02351574385219,1
0,284,27.546554200494832,114.79058665369317,1
0,285,32.37215060527814,100.70288236723624,1
0,286,36.22769284326924,92.71535412088559,1
0,287,39.103620018047565,86.52226179563853,1
0,288,46.37237421886458,73.33692359475067,1
0,289,49.93940223535871,67.25541886007218,1
0,290,53.52211249503731,61.27658478208041,1
0,291,60.96982221093069,50.70507601230187,1
0,292,65.31684052175937,46.50504900006751,1
0,293,68.54331657725233,42.12896573149722,1
0,294,75.98949576347606,34.383294316913506,1
0,295,77.95733746649542,32.17493852994697,1
0,296,81.51519428153671,29.000349843082148,1
0,297,90.47108659086199,21.21919424448599,1
0,298,96.41825503497962,17.049556485292513,1
0,299,103.3180482241936,12.215005182704815,1
0,300,116.91063249304729,3.953206761245738,1
0,301,120.41741241286871,1.677382293224909,1
0,302,124.53041344533756,-0.19714302846418263,1
0,303,132.19858812142598,-4.235620880850817,1
0,304,138.20585692144167,-7.354048430148822,1
0,305,154.61971672714085,-12.657750687884686,1
0,306,163.8003352439495,-15.52378340702991,1
0,307,172.12327316415173,-17.658411861640175,1
0,308,189.58134978062046,-20.744375939089792,1
0,309,197.91636961332077,-21.60558633261317,1
0,310,207.16723238259502,-22.432446957301863,1
0,311,227.59324474632754,-23.7634988887056,1
0,312,236.1473697774404,-23.663139147827494,1
0,313,247.33430649629403,-23.03533091207072,1
0,314,265.574837380351,-21.670285120388726,1
0,315,276.0919509681671,-20.045935281407054,1
0,316,282.26353457215004,-18.89166210944242,1
0,317,299.06828025796744,-15.593848951736447,1
0,318,307.2502955928367,-12.622238762139474,1
0,319,316.2661219426843,-9.879949607282157,1
0,320,331.01855736203686,-3.8857164959758563,1
0,321,339.0886388647531,-1.3067526176327888,1
0,322,348.53579813757653,3.5479680753489973,1
0,323,366.1592089129208,12.205029418013282,1
0,324,374.60150414475726,16.986281757333373,1
0,325,383.3908163019498,23.05679307790132,1
0,326,396.92685768604923,32.713290393876605,1
0,327,405.06778700059976,39.75969171822507,1
0,328,412.190135750985,46.20614906583693,1
0,329,419.7735562285791,52.43964762955787,1
0,330,425.0783088043371,58.12263860124558,1
0,331,432.0152029858645,65.08403907683774,1
0,332,443.78183317022797,79.48507682532272,1
0,333,451.39006888445806,89.87124576321445,1
0,334,457.7007404374725,98.80599569113707,1
0,335,469.548465035137,120.01846622031995,1
0,336,475.62022400147333,132.70443564011933,1
0,337,481.3950297455305,145.72088672709185,1
0,338,488.6248494653311,168.0326199726202,1
0,339,492.12929002551994,179.576412379641,1
0,340,494.23468343826164,190.04246371068007,1
0,341,498.1453489685277,210.53597526496822,1
0,342,499.10122206143905,221.27125403345048,1
0,343,499.64242313149254,229.14961047003743,1
0,344,500.3952580172031,249.01727832814706,1
0,345,500.44888213714984,256.99775057509976,1
0,346,500.3952580172031,262.9827216718529,1
0,347,498.9002155787535,279.99014473001483,1
0,348,497.5533628877565,287.0711794610916,1
0,349,496.08523210641397,294.17254739796385,1
0,350,492.18477138127383,309.49484138209874,1
0,351,489.3542379754342,316.87501854417064,1
0,352,486.70586390508043,325.1101266668982,1
0,353,478.40954209845916,344.14387381544066,1
0,354,474.2950363857554,351.76150182470934,1
0,355,470.548075381489,359.14811311925206,1
0,356,462.8404119197698,372.86483274481014,1
0,357,459.519242085541,378.93801929355294,1
0,358,455.75515474977124,384.3400994773434,1
0,359,452.2562344439675,390.28058148407894,1
0,360,447.3765695331682,396.68764029622804,1
0,361,444.93628689796424,400.54142168626925,1
0,362,438.31612263014813,409.4751541078018,1
0,363,433.8009197998111,415.30140215837565,1
0,364,430.5117015734588,419.21976793047827,1
0,365,423.54362847657035,427.63005843178854,1
0,366,421.4802603528009,429.6521250011293,1
0,367,418.07744158990573,433.36776629756514,1
0,368,412.5428578609701,438.9721714628168,1
0,369,409.3610063009238,441.8613520487005,1
0,370,406.6785733477835,445.10666591646213,1
0,371,399.9682007636784,449.64736869719064,1
0,372,396.4461065346344,453.02871056871544,1
0,373,393.4421554604834,455.0890045648317,1
0,374,387.96984244935805,459.4954821843464,1
0,375,384.6759380350271,462.0825570084339,1
0,376,381.8677964820286,463.43012862589256,1
0,377,373.49363014585725,468.8944408403475,1
0,378,369.5131013747403,470.9717140784575,1
0,379,365.0660644733465,474.1321290468088,1
0,380,355.9110684176571,478.8016825843533,1
0,381,350.032595160986,481.0780202523073,1
0,382,345.9613837779432,482.9026012299862,1
0,383,333.866598329838,487.6032156397216,1
0,384,325.96125846095276,489.87049271217694,1
0,385,318.9625218942943,491.85960560427515,1
0,386,311.9370785942132,493.73258400045955,1
0,387,304.8953673989615,495.4875136749789,1
0,388,297.8478680069096,497.1234296702876,1
0,389,284.9527912374528,498.6044229282422,1
0,390,276.95745910845494,499.50571561627436,1
0,391,271.9811411448077,499.712402558092,1
0,392,257.99547368955234,500.4455287623981,1
0,393,252.00927152733718,500.43211768123,1
0,394,245.03075774020724,500.3149421722165,1
0,395,234.09767981149167,499.91220223450983,1
0,396,229.14961047003743,499.64242313149254,1
0,397,222.25311047119013,499.17611580929645,1
0,398,212.3841261967979,497.86984575216644,1
0,399,205.48511709919458,496.6885595825323,1
0,400,200.4258228429678,495.16744092833164,1
0,401,186.6332792937579,491.8468503029361,1
0,402,179.40283993126886,488.77578500378496,1
0,403,174.5492337061118,487.439372474655,1
0,404,163.84340032756066,483.9141713354245,1
0,405,158.70868372626492,481.3584569864237,1
0,406,152.89373532261195,479.0664379784256,1
0,407,143.1776153003047,474.7170792062789,1
0,408,139.46822508297424,473.2626311664773,1
0,409,134.70426819653193,470.9794270022338,1
0,410,127.82516458541812,466.99549820499,1
0,411,123.9978808279346,464.8391735821421,1
0,412,121.26882263384904,463.5056818334185,1
0,413,113.50558958707416,458.4403346981184,1
0,414,109.57206870437373,453.8755828875441,1
0,415,105.62051615118517,450.8997257770956,1
0,416,100.13324935338808,445.62133359434176,1
0,417,95.45018084392733,440.4827114285355,1
0,418,90.32034652393473,435.652636330558,1
0,419,80.16309182048938,423.79864954028994,1
0,420,74.42069497680836,416.39505276235093,1
0,421,69.88295143673584,411.93590558854754,1
0,422,61.05522434407592,399.4308712161198,1
0,423,56.91099541919232,393.44215545037855,1
0,424,52.35382336511845,385.68512742274623,1
0,425,42.05020768668609,367.53780646355693,1
0,426,38.002852662256,359.4219024569512,1
0,427,34.46304490777431,350.5088845040616,1
0,428,27.952982160097527,335.0562995071607,1
0,429,24.456135357434125,325.7664919445923,1
0,430,22.437316976584917,318.6878197101687,1
0,431,17.036338737725647,301.18220484209496,1
0,432,15.126722848120892,290.12371427526654,1
0,433,13.154626598623913,280.984091916599,1
0,434,11.560059676718081,258.9931420960099,1
0,435,11.15429811435471,249.03284587346278,1
0,436,11.457814292657233,238.10666936419454,1
0,437,12.673008447964051,218.412903783778,1
0,438,13.685535927560078,207.73411078302715,1
0,439,14.921970532912047,197.20048063374657,1
0,440,19.65374788587802,175.27267932735526,1
0,441,23.04258874313406,164.7583472745011,1
0,442,26.46126292224835,155.27414073015638,1
0,443,30.604970245999198,145.7208867321408,1
0,444,34.58859081399457,135.66771240599417,1
0,445,38.06058767601576,128.3086262298852,1
0,446,45.41694194375958,115.29222942755277,1
0,447,48.90894117910148,109.032151798612,1
0,448,53.483016025308444,103.15699322595508,1
0,449,62.260977857599286,91.84673986212354,1
0,450,69.13424332177263,85.42510415636283,1
0,451,73.58795199893395,81.26845928006875,1
0,452,89.34339962410252,67.18674177987435,1
0,453,95.84381424701236,62.07594375219387,1
0,454,105.52720630039157,54.40503920726468,1
0,455,120.24657405705624,45.582189812028275,1
0,456,129.68599992678273,40.294553695618944,1
0,457,138.42413839033753,35.42379683372076,1
0,458,155.3907128160052,28.40811735907792,1
0,459,164.04159036282442,25.125694902853695,1
0,460,173.53554023173038,22.350697226668885,1
0,461,196.7050742480799,16.8437994933303,1
0,462,206.45344102340547,15.203723340334301,1
0,463,220.1331697275635,13.898895348270921,1
0,464,245.98203660948812,12.563490312965852,1
0,465,259.01350854269265,12.910310607043288,1
0,466,272.12685119606726,14.09723181533162,1
0,467,296.33392651456927,17.02148558660825,1
0,468,308.5120673934535,19.695696515475746,1
0,469,319.5186295693408,22.090125884760972,1
0,470,341.67635630753483,29.209645027080935,1
0,471,352.6683095534265,33.46149576854041,1
0,472,362.8219982274035,38.32498464956157,1
0,473,371.9728246373673,43.21507820732727,1
0,474,380.5190615470892,47.12931604790052,1
0,475,391.31818482829823,53.52390124927091,1
0,476,408.750932972386,65.31092683733544,1
0,477,418.0675950673887,72.05825096424523,1
0,478,426.6532788334759,79.3936997694833,1
0,479,440.9317695115615,91.72550264329331,1
0,480,447.49644631658344,98.87471070914756,1
0,481,452.7217883937996,104.29911841688289,1
0,482,462.78477380257027,115.2310225229946,1
0,483,466.18097978628873,119.43079191613631,1
0,484,470.6953302816035,124.10197199616707,1
0,485,477.9025251654974,133.57102054123834,1
0,486,479.66972990517314,136.51830668793957,1
0,487,481.7638297078545,138.83143020248326,1
0,488,487.0005834077169,146.18005052440822,1
0,489,490.8051803140414,152.27080390181462,1
0,490,493.97225992152664,158.17741097062552,1
0,491,499.2050949504215,168.0720040959294,1
0,492,502.7544488821162,174.9900488086289,1
0,493,504.436302406968,179.7012105203362,1
0,494,508.1318415845444,189.25921843988317,1
0,495,509.5488561516899,193.0754663875087,1
0,496,510.5612345229869,197.6823353770677,1
0,497,512.6573986639671,204.29922909080935,1
0,498,513.3922279121253,207.10470220944154,1
0,499,514.1910886925763,210.81655950032754,1
0,500,515.7037195405383,218.2416578298977,1
0,501,516.5352985652324,223.77831997999436,1
0,502,517.20759108002,227.48790381168948,1
0,503,517.5233607671914,233.8994342638563,1
0,504,518.6349989348624,239.4705245335945,1
0,505,518.7615780971173,244.05629187745444,1
0,506,519.7967641876171,257.83192196879764,1
0,507,520.6035630350511,266.03668686791474,1
0,508,520.496213056314,270.5928945064625,1
0,509,519.7331712592216,287.82986553446847,1
0,510,519.3785747969688,293.2362812681567,1
0,511,518.8986599760957,299.51426098345814,1
0,512,517.8261839386248,311.0737834863716,1
0,513,517.3539585803488,315.4805561055283,1
0,514,516.5333289951327,322.4809184423158,1
0,515,515.0402874701116,333.71208627360227,1
0,516,513.5386529397992,340.6580346764581,1
0,517,511.32154114132743,348.52069779123883,1
0,518,508.395858932877,359.6151420645907,1
0,519,505.5872720284379,366.63265606967434,1
0,520,503.55426575950827,371.8200314714858,1
0,521,496.8238146341438,384.380342380454,1
0,522,494.07348176823746,389.6397611088099,1
0,523,490.1445285579538,395.2450416176399,1
0,524,481.64692788852403,405.8366952157155,1
0,525,476.2629788271774,411.79576551390016,1
0,526,471.36,417.52000000000004,1
0,527,460.4217681028226,427.8590085650788,1
0,528,454.7765444611655,432.99281363013574,1
0,529,448.8104915557683,436.9311722174018,1
0,530,432.95539853336544,447.7788874502964,1
0,531,424.82595073420714,452.8081524987885,1
0,532,407.8795372810658,461.0373753475864,1
0,533,397.9783980715243,465.1303431566087,1
0,534,388.3578472617989,469.5115638119217,1
0,535,379.7883450819558,472.38592603826976,1
0,536,361.7843537252476,478.4437344653205,1
0,537,356.4077901127388,479.68072042579604,1
0,538,340.37346873781894,484.00925477697797,1
0,539,335.4864393696475,485.40390094507234,1
0,540,327.69156167661936,487.23052999938767,1
0,541,310.97375331215085,490.1474678646794,1
0,542,301.80390808573713,492.1445929861177,1
0,543,292.69161616176314,493.47629328106433,1
0,544,273.4154583184095,494.6942222183672,1
0,545,264.2050117743165,494.97096728378926,1
0,546,254.97403961000475,495.04876403895855,1
0,547,237.5634168108113,494.65132677964493,1
0,548,230.4330343202357,494.284120436135,1
0,549,222.33094449874193,493.7239370750809,1
0,550,207.32226117212542,492.28985718845047,1
0,551,201.2770299482637,491.1060935632068,1
0,552,192.19681394912269,488.93226644712405,1
0,553,176.16691368270926,484.3832596274003,1
0,554,164.34597042175207,480.6027318926915,1
0,555,156.58652350689795,477.92301312658924,1
0,556,141.18246832738967,471.6572769041362,1
0,557,133.3030446408515,467.4776791725985,1
0,558,127.46375743790291,464.2486410124947,1
0,559,121.11113985495709,461.3087798136111,1
0,560,115.99270745790703,457.5707827824859,1
0,561,110.37184615620862,454.1335427234681,1
0,562,100.1533701938303,447.3559884596777,1
0,563,94.02037126253008,443.50369141326377,1
0,564,90.49707824308813,441.0890663000176,1
0,565,80.36949656412132,432.6062284985099,1
0,566,76.0443422581319,429.1465246981026,1
0,567,71.27096753636974,424.20064536388634,1
0,568,64.72593990283397,417.175096365385,1
0,569,60.66142388024407,413.6246926382582,1
0,570,57.70761515863187,409.7975082884096,1
0,571,52.161671289639344,402.84088138538095,1
0,572,50.18482751959369,399.97399394038786,1
0,573,47.98852032209188,396.28681190595717,1
0,574,43.31490296741147,389.4115608615458,1
0,575,40.61998875543017,385.4211726840904,1
0,576,38.55090718374191,381.6372536676021,1
0,577,32.40119229130018,371.6545557162228,1
0,578,30.463041574902995,367.80464602370694,1
0,579,27.818941992927492,362.8696094448179,1
0,580,24.147829020464364,355.0903469733974,1
0,581,22.013086428087238,349.4021836313902,1
0,582,20.97149377656718,346.5437688194993,1
0,583,18.458368002129305,338.0773931701482,1
0,584,16.530910402635538,332.2824922606312,1
0,585,15.310607620191085,327.5301808480769,1
0,586,12.2861112274331,315.9613535666224,1
0,587,11.121370673670906,310.20238431881114,1
0,588,8.751718137916573,295.75364530941846,1
0,589,7.6363089465822585,287.0454614004503,1
0,590,6.684210856517809,278.312308010395,1
0,591,6.175390602962387,260.8604009446905,1
0,592,6.186557904056998,250.1677795377955,1
0,593,6.348676767331224,242.40031698988128,1
0,594,7.519530772706549,220.22654726797202,1
0,595,8.161095323475662,212.60408286365586,1
0,596,10.066675886081082,202.9555575301712,1
0,597,14.189287914137475,185.6725817121073,1
0,598,16.483961492623436,177.12323228864204,1
0,599,19.105001980923934,170.29408609377722,1
0,600,22.727861147265028,159.04326741840535,1
0,601,26.156451737260028,152.13764341889254,1
0,602,28.016309677091,148.26087205661844,1
0,603,35.1560776174931,135.45200741579276,1
0,604,38.418083462737954,128.91675674159262,1
0,605,43.18300989445557,121.18380714766565,1
0,606,53.52615852112076,106.55502176136511,1
0,607,59.10652426292593,99.64341633056856,1
0,608,66.00445156723637,91.08000617841242,1
0,609,78.36781536531254,76.44746741565245,1
0,610,84.69890280050548,69.38707288920054,1
0,611,91.34737948519577,63.58618184015066,1
0,612,103.39942210970207,52.85048069235046,1
0,613,111.0811871422649,47.20249989588358,1
0,614,115.19081508182889,43.83480928070294,1
0,615,127.53697184635485,36.18548508437635,1
0,616,133.58319099972456,32.043667264386116,1
0,617,145.13194396825972,25.73557591619674,1
0,618,151.53296790290415,23.323428603234458,1
0,619,157.12275058636214,21.166532658080033,1
0,620,170.36365549431923,16.218235470671647,1
0,621,175.9132876408564,14.786449650580373,1
0,622,184.38327929687043,12.503149693748409,1
0,623,199.53314351350534,9.077136179338236,1
0,624,207.12239582354925,7.778441412153258,1
0,625,216.64600473903747,6.438078687236031,1
0,626,230.99725968085048,5.01095290289876,1
0,627,237.7434289973605,4.251494295822448,1
0,628,243.4994031198412,4.064894296425029,1
0,629,255.0377900246398,3.900977497312967,1
0,630,259.84861620899557,3.915637380638481,1
0,631,264.65720619532374,3.9791080743698455,1
0,632,275.21455705874433,4.289302279993951,1
0,633,279.9974426066698,4.506801420975329,1
0,634,284.76665664641433,4.771198929428694,1
0,635,296.14177485456185,5.591785159363852,1
0,636,300.9337353900813,6.474362844129038,1
0,637,307.5899312051805,7.604034863210096,1
0,638,319.0806431635944,10.367798672104536,1
0,639,325.78439408066373,12.232596004213168,1
0,640,330.63755366407077,13.906396454446346,1
0,641,341.05817759274504,17.072534829181485,1
0,642,345.8640895154208,18.911763938638746,1
0,643,351.53690962811964,20.97920220740585,1
0,644,355.41961070552617,22.746297876539096,1
0,645,359.29166200829076,24.55016480059776,1
0,646,366.3353994656957,28.61313334102369,1
0,647,370.3825883012597,31.079616283272934,1
0,648,373.36096548221184,32.821770552167045,1
0,649,384.5910599325948,40.39243331229802,1
0,650,390.2312607236904,43.547644965196696,1
0,651,395.4799541224902,47.74867959648705,1
0,652,405.938516112162,54.79218483649514,1
0,653,410.04855071275665,58.352802907458354,1
0,654,414.1320871306488,61.97289920122372,1
0,655,421.7227608882648,69.80560394879097,1
0,656,426.97222037313276,75.25793843671357,1
0,657,430.4621249298266,79.5776264373798,1
0,658,439.2901746658873,90.4475841843548,1
0,659,444.0306290275421,95.53407048704703,1
0,660,447.61878286110203,100.92706745149864,1
0,661,452.9747439767892,108.5163976845232,1
0,662,455.0290830019693,111.43161129955732,1
0,663,457.3163669955987,115.17771372915614,1
0,664,461.55734209457023,121.94086383420587,1
0,665,463.75958146373864,125.77748716825451,1
0,666,465.33360116129035,129.40301269445325,1
0,667,469.7058519032814,139.61559245448365,1
0,668,471.99559957334816,144.48599279718078,1
0,669,474.88607563725327,152.10476590475017,1
0,670,476.5008685266591,156.87575638884812,1
0,671,477.6654463229783,159.8437562089348,1
0,672,479.40562517002564,165.62226982647576,1
0,673,479.7962176555594,167.49876842090086,1
0,674,480.3721074289893,170.3306498888611,1
0,675,481.81882259804655,175.27743448656278,1
0,676,482.53141698479806,179.12282229829532,1
0,677,483.0490384560165,182.02927250870522,1
0,678,484.1968503022897,188.88327929155992,1
0,679,484.8126336395085,192.84357176457445,1
0,680,485.53858353524504,197.83637706365798,1
0,681,486.3418565687809,203.88645777515467,1
0,682,486.8341160984024,207.9530798647607,1
0,683,487.179682139078,211.0193378169166,1
0,684,487.80784235694574,217.19054222585902,1
0,685,488.26492393313805,222.36887985132873,1
0,686,488.1261197607325,226.4566756486395,1
0,687,487.84486438081314,236.8568461068964,1
0,688,487.6452749952678,243.19012306165158,1
0,689,487.3482552574191,249.57365957300217,1
0,690,486.46338514698556,261.3846585022533,1
0,691,485.9554450815063,264.6368242486301,1
0,692,484.3589575110895,272.31135410793496,1
0,693,482.303771285341,284.4246283091244,1
0,694,481.210516348446,292.07741283281604,1
0,695,480.4273803781335,295.4116374883277,1
0,696,477.6085564151351,307.5623869482372,1
0,697,476.37261361580227,313.0118204283534,1
0,698,474.7324675305004,317.5528551638223,1
0,699,474.7324675305004,317.5528551638223,1
0,700,473.53267508418634,321.91899246438237,1
0,701,471.5781381636233,327.4927499049049,1
0,702,470.2633290484827,331.81625483650436,1
0,703,467.4015763120853,338.57874074311945,1
0,704,465.9609673658048,342.8424943535921,1
0,705,463.92359158665516,347.31036036675766,1
0,706,460.2461277838347,355.9268690051604,1
0,707,458.0443708232607,360.3163871576643,1
0,708,455.78776984503173,364.6757649051126,1
0,709,452.304605423001,371.1507461313516,1
0,710,450.8329039137803,374.21322260475443,1
0,711,449.3429821901971,377.24898877252986,1
0,712,447.7828219727994,378.7410060337779,1
0,713,447.4894008091416,379.6474416372936,1
0,714,446.25722972481543,381.7447208294736,1
0,715,445.01440425831237,383.83055086505254,1
0,716,443.4043320371042,385.3199484064138,1
0,717,442.1370872581109,387.3908851163233,1
0,718,437.8442949025625,391.55665623101504,1
0,719,436.5319954358449,393.6006063334803,1
0,720,433.81476227991584,396.2638187550049,1
0,721,433.81476227991584,396.2638187550049,1
0,722,433.81476227991584,396.2638187550049,1
0,723,433.81476227991584,396.2638187550049,1
0,724,433.81476227991584,396.2638187550049,1
0,725,433.81476227991584,396.2638187550049,1
0,726,433.81476227991584,396.2638187550049,1
0,727,433.81476227991584,396.2638187550049,1
0,728,433.81476227991584,396.2638187550049,1
0,729,433.81476227991584,396.2638187550049,1
0,730,433.81476227991584,396.2638187550049,1
0,731,433.81476227991584,396.2638187550049,1
0,732,433.81476227991584,396.2638187550049,1
0,733,433.81476227991584,396.2638187550049,1
0,734,433.81476227991584,396.2638187550049,1
0,735,433.81476227991584,396.2638187550049,1
0,736,433.81476227991584,396.2638187550049,1
0,737,433.81476227991584,396.2638187550049,1
0,738,433.81476227991584,396.2638187550049,1
0,739,433.81476227991584,396.2638187550049,1
0,740,433.81476227991584,396.2638187550049,1
0,741,433.81476227991584,396.2638187550049,1
0,742,433.81476227991584,396.2638187550049,1
0,743,433.81476227991584,396.2638187550049,1
0,744,433.81476227991584,396.2638187550049,1
0,745,433.81476227991584,396.2638187550049,1
0,746,433.81476227991584,396.2638187550049,1
0,747,433.81476227991584,396.2638187550049,1
0,748,433.81476227991584,396.2638187550049,1
0,749,433.81476227991584,396.2638187550049,1
0,750,433.81476227991584,396.2638187550049,1
0,751,433.81476227991584,396.2638187550049,1
0,752,433.81476227991584,396.2638187550049,1
0,753,433.81476227991584,396.2638187550049,1
0,754,433.81476227991584,396.2638187550049,1
0,755,433.81476227991584,396.2638187550049,1
0,756,433.81476227991584,396.2638187550049,1
0,757,433.81476227991584,396.2638187550049,1
0,758,433.81476227991584,396.2638187550049,1
0,759,427.19223604722373,402.73620229084315,1
0,760,423.58115403095866,405.70583096099926,1
0,761,421.74825209094655,407.18928409784695,1
0,762,415.0191044788168,412.7635142592961,1
0,763,411.16867257946024,415.6991448336056,1
0,764,407.24558137263523,418.61742952385447,1
0,765,403.25053830066827,421.5141709103884,1
0,766,398.8422516340983,425.1252259337218,1
0,767,394.7079890194093,427.9520525645957,1
0,768,388.3821398271095,432.1258035463232,1
0,769,382.8356702699484,435.8760416125571,1
0,770,379.4002701218492,438.21722119246976,1
0,771,371.80734439310396,442.44982446072555,1
0,772,368.9386205727269,444.9993243001943,1
0,773,365.40739457219684,447.17502630369574,1
0,774,365.1060563104372,447.7969621974266,1
0,775,364.80699479170744,448.4165803187964,1
0,776,364.21562622717437,449.6490152989847,1
0,777,362.7757279897766,452.69213052081676,1
0,778,362.21478695601735,453.89491879029475,1
0,779,361.1178425801628,456.2771526563579,1
0,780,359.53261716598075,459.79578324357533,1
0,781,357.55838257731483,462.35799016894185,1
0,782,355.8616649546218,464.3135807681759,1
0,783,352.5283666972016,468.1502564687296,1
0,784,349.71333651994973,470.80360285576126,1
0,785,345.9765000496875,473.6175815764801,1
0,786,341.3122806830309,476.56345744149803,1
0,787,339.7627463059889,478.33321558787264,1
0,788,335.16323410185254,481.1525749610174,1
0,789,330.60083445359,483.890220411404,1
0,790,323.8339767462693,487.85045766613854,1
0,791,320.4876715169886,489.7678093759147,1
0,792,314.25677345407246,492.0403753948486,1
0,793,305.76178584253677,495.85180757472995,1
0,794,301.6608205329732,497.2082475209312,1
0,795,297.4853852927075,498.98582831046406,1
0,796,290.42982085874974,500.94358258942333,1
0,797,286.39951857591285,502.1380375235059,1
0,798,284.39239324072713,502.7201071459131,1
0,799,277.4351889039941,504.4533261230798,1
0,800,273.47625252372455,505.52205044755755,1
0,801,271.5387193563281,505.590680015907,1
0,802,264.6926040031334,507.1196712953083,1
0,803,260.8204096123402,507.6253814840787,1
0,804,257.9243976133352,508.0960901376102,1
0,805,249.30633044620305,509.4032049701475,1
0,806,245.5051150946474,509.78539908659457,1
0,807,240.77245308321088,510.1096897893212,1
0,808,231.4365406758854,511.08207745126055,1
0,809,226.7981718276542,511.28049814197027,1
0,810,222.19178988380563,511.43980957894144,1
0,811,213.00187049469633,511.18455111778957,1
0,812,206.57404160488912,510.59031406709056,1
0,813,201.1015454324273,510.02166279955895,1
0,814,189.37681419491116,508.6129128623473,1
0,815,180.4947236443192,507.37732252637,1
0,816,168.2811122402063,505.450587032492,1
0,817,161.42542705627315,504.25825401929046,1
0,818,154.66353702597516,503.0076286084793,1
0,819,143.88111183073912,500.86765175116824,1
0,820,136.56812317414614,499.3201670369267,1
0,821,129.81387163815756,496.82000552284273,1
0,822,115.79035646933137,489.38693829128414,1
0,823,109.24696958219342,484.57896254365943,1
0,824,101.24348836980371,479.24071506933547,1
0,825,86.55821311933813,467.35633417427414,1
0,826,78.64234512439403,460.98623425673753,1
0,827,71.10933689448584,453.39534564355347,1
0,828,57.06288121830287,437.91096899025604,1
0,829,49.25768189049015,427.6860119816628,1
0,830,44.58580803416301,421.5328141490139,1
0,831,31.63218981121225,400.7534259416789,1
0,832,27.282894911135326,392.1411339754864,1
0,833,21.925482126775275,380.7790231855679,1
0,834,14.532247662628286,358.3012233148927,1
0,835,11.079722568841795,345.06191906429297,1
0,836,9.039873901462034,332.70731185635486,1
0,837,5.920980412806287,309.04706477790296,1
0,838,5.289562516712259,297.94395153327594,1
0,839,5.474383471728068,288.6355209080362,1
0,840,6.80022847963132,269.62811246608,1
0,841,7.9667694977987065,259.92147402633384,1
0,842,8.888325824229444,250.09294803443186,1
0,843,10.896781105474577,241.1151891323693,1
0,844,13.154626598623913,231.015908083401,1
0,845,15.436956930558386,223.7907222816813,1
0,846,18.51371013847696,214.38915430348197,1
0,847,28.171300439864844,192.54086448236288,1
0,848,33.19883057526424,179.64091381479273,1
0,849,47.120585995627806,156.38058712468202,1
0,850,52.918525369526236,147.9779390238646,1
0,851,61.45319870458492,136.8674082030832,1
0,852,78.56760659106942,116.2719901412325,1
0,853,85.53956697174297,108.93609695379303,1
0,854,94.97928188988105,99.45207963256243,1
0,855,110.78085989018736,86.01480503700247,1
0,856,117.88701313214655,79.70943956750625,1
0,857,125.0289518900326,75.3502785087079,1
0,858,142.9578989943851,63.828428316104265,1
0,859,154.40017378233094,57.315895453389984,1
0,860,165.74801714904615,51.80488867042981,1
0,861,187.3304840949416,43.23707383498468,1
0,862,197.85535232620617,39.07573738881827,1
0,863,205.86494443518203,36.51986794217563,1
0,864,224.97419252196784,32.17096021242042,1
0,865,233.96918474120255,30.18414413129471,1
0,866,241.73855202770358,28.91386767084193,1
0,867,256.0,27.75,1
0,868,263.6208502034307,27.374493482616977,1
0,869,272.31135410668236,27.64104248282098,1
0,870,279.88252750792395,28.03041947690196,1
0,871,286.25377063370604,28.016228413876235,1
0,872,294.7705265583053,28.761635695408927,1
0,873,310.4790462861424,30.606298580158672,1
0,874,317.669745960765,31.649717264326235,1
0,875,323.7527758309312,32.627567165624896,1
0,876,336.65580722325575,34.98213851147591,1
0,877,343.64062878212417,36.898428088135006,1
0,878,350.5236183053035,38.90729431274727,1
0,879,360.5283456156554,42.80357233586143,1
0,880,367.15090736979573,45.01911106154723,1
0,881,374.1452318357759,48.47533198051884,1
0,882,388.09292681373574,56.32464546470206,1
0,883,394.50159663403133,59.44994003183162,1
0,884,400.78408376181426,64.31402990089717,1
0,885,411.2060820379601,71.37577163623463,1
0,886,415.1409667625063,74.55902516991713,1
0,887,420.34636645068997,79.4798286331287,1
0,888,428.67974913930664,86.34972019085251,1
0,889,433.1038927975706,89.96510050354256,1
0,890,437.02591662786256,94.08237455882764,1
0,891,444.1453256096209,100.88018363136828,1
0,892,446.0237038031386,102.98091216535894,1
0,893,449.46637211389935,106.41259882665268,1
0,894,456.57079270459917,116.29895033964544,1
0,895,461.1941737116768,122.52417829123847,1
0,896,463.892546110736,128.06612546263153,1
0,897,471.3140722516765,141.83346860731822,1
0,898,475.1276608444196,148.93762687553772,1
0,899,481.2731952652119,162.88707931309835,1
0,900,483.6456225859269,169.7554029031626,1
0,901,485.57520675738624,177.46111341907311,1
0,902,489.90987411174746,192.48137042884883,1
0,903,491.4604955434628,200.4191963020395,1
0,904,492.4003172282198,208.3140991237173,1
0,905,494.4811296851645,226.4446463485509,1
0,906,494.96282511018836,234.55461826735194,1
0,907,495.2604573595969,241.6852718256197,1
0,908,495.43999387883025,263.1627348408606,1
0,909,495.2251236292089,271.3349438063311,1
0,910,494.799669065538,280.4922737396459,1
0,911,492.92146831812823,298.706874152886,1
0,912,490.39628908620574,308.9939436420364,1
0,913,489.0060943014871,316.03213785209726,1
0,914,484.73225373964283,331.2274967377742,1
0,915,482.1208849842684,340.1615849637474,1
0,916,479.54180081050754,348.0466238992274,1
0,917,473.3377606185819,362.1416970890223,1
0,918,470.05875211186947,369.08764268664527,1
0,919,466.671104807695,375.9514902826295,1
0,920,459.8564693152459,388.55691600843977,1
0,921,456.7154834958534,393.49010622083773,1
0,922,451.70494440747217,400.5205743595558,1
0,923,443.87517934595957,411.8964254189823,1
0,924,440.4827114354157,416.5498191421668,1
0,925,435.37981027059925,422.4246017753401,1
0,926,431.4510832769311,426.466677470389,1
0,927,427.92454906951707,430.9058995965722,1
0,928,422.8956917206159,435.81023927189807,1
0,929,413.17339328219305,444.0112109790554,1
0,930,407.95342009900526,448.6729641187121,1
0,931,403.2071163383663,451.9446074902836,1
0,932,392.72184563431307,458.5878442334325,1
0,933,385.8724405397568,462.79688615395474,1
0,934,378.93532447299253,466.88905259184077,1
0,935,368.40067072165897,471.7691448057658,1
0,936,361.92126129480795,473.8951660166364,1
0,937,356.2518659431996,475.7439889214188,1
0,938,342.42499243104635,480.70498034137046,1
0,939,334.6266930448856,482.68994623949885,1
0,940,327.691936400825,484.3900259626281,1
0,941,313.4769751509319,487.96064975757315,1
0,942,304.13082909749227,490.5097842080179,1
0,943,294.9756170018004,491.9050504232918,1
0,944,275.4108378707583,495.0597929270125,1
0,945,265.20772498202456,495.40084963713855,1
0,946,254.9789413032166,495.9487849998019,1
0,947,236.6806078774962,495.9671865376417,1
0,948,231.62256974730872,495.71139798285253,1
0,949,223.56839508007081,495.1830862203484,1
0,950,212.59434563327594,494.2263818002915,1
0,951,205.68519933383547,493.4858593467143,1
0,952,200.66790446037382,492.41895359574164,1
0,953,186.3879137189536,488.0402874678783,1
0,954,179.3622338358084,485.91329859418914,1
0,955,172.20448082546918,483.1565278410444,1
0,956,164.8846224551933,479.73887141861053,1
0,957,157.37334183837913,475.62224902446167,1
0,958,151.22737702012165,472.6657155368382,1
0,959,137.70960236382305,465.047685503686,1
0,960,131.2141150507362,460.5670244316475,1
0,961,125.61124270888547,456.20320996171995,1
0,962,112.83723839031819,446.5403661406909,1
0,963,108.45601570640743,442.7514766196434,1
0,964,101.95086777009715,436.9301888305548,1
0,965,89.5362173066577,425.5655922613011,1
0,966,83.80001389705794,418.8638422934147,1
0,967,76.75586564046498,411.41398930740405,1
0,968,63.31761748961439,396.1326418392215,1
0,969,59.108883953183415,390.00966010492584,1
0,970,53.516176729761256,382.4239099856039,1
0,971,44.10642030682762,367.5768125090331,1
0,972,40.00301119060136,359.3919234991691,1
0,973,35.53945926133535,350.92051062239625,1
0,974,28.277995809352383,328.8300103194056,1
0,975,25.5697714865707,317.7223826337533,1
0,976,21.739865404164085,302.23555287174463,1
0,977,18.709093402574236,274.57059271970104,1
0,978,18.32029029429406,260.13356020642016,1
0,979,18.453217355021216,244.63906693368835,1
0,980,21.025935416512574,216.83765595398862,1
0,981,23.038309370444757,202.63432640108206,1
0,982,25.862862692773508,192.30132805226228,1
0,983,32.67465299972987,169.948031463,1
0,984,37.80239791387989,157.65741878369383,1
0,985,47.541266036289116,137.46464148408532,1
0,986,52.454518271002186,127.76634653555695,1
0,987,56.1250536663692,121.05904640106597,1
0,988,65.68123955389848,107.18692669489997,1
0,989,69.88295143673584,100.0640944114525,1
0,990,74.55306622155038,93.59998192837878,1
0,991,83.7062699633377,83.70626996333768,1
0,992,87.27511326669948,79.2881363837503,1
0,993,93.39045114727661,73.43835926662148,1
0,994,105.88538315106901,62.14337561293778,1
0,995,112.23648874311075,56.71402916417801,1
0,996,119.20961937653954,51.805663641590954,1
0,997,132.14498781341274,41.711169470897204,1
0,998,139.04831846071892,37.82123276653957,1
0,999,145.3457253794767,33.71220937446998,1
0,1000,156.47563656579786,27.679401534985736,1
0,1001,162.59894020696134,24.44320590878893,1
0,1002,167.81548675485965,21.48733838376798,1
0,1003,180.63642619261827,16.38248313934995,1
0,1004,184.61039818512225,14.818912684045564,1
0,1005,188.31566398325273,14.270228556539895,1
0,1006,195.22284302654606,11.926655354199152,1
0,1007,199.0859532900823,10.980205528453538,1
0,1008,200.02488454306928,10.867597759131456,1
0,1009,207.6779793639135,9.557694794409732,1
0,1010,209.66847861808958,8.89855251066883,1
0,1011,213.46769886366783,8.539338860472046,1
0,1012,218.23866205559924,8.130705063158292,1
0,1013,223.99274344033626,7.701282696917248,1
0,1014,228.80889141488439,7.395578969126133,1
0,1015,240.42883398761293,6.861343968065289,1
0,1016,246.2618074267548,6.702269450536359,1
0,1017,251.12940599856321,6.625589298275763,1
0,1018,262.8181601913571,6.650141256904502,1
0,1019,267.68372530825667,6.747194000396916,1
0,1020,275.53432311789754,7.914096271665157,1
0,1021,292.2209760471217,10.28473008109321,1
0,1022,300.02393236873445,11.422597922160527,1
0,1023,307.8965212436359,13.163447751430859,1
0,1024,323.56793840607526,17.064101912652248,1
0,1025,331.33993079566017,19.21736032003047,1
0,1026,341.224463674609,22.857214414707528,1
0,1027,358.2921510156185,30.760552109991448,1
0,1028,366.8660644748105,34.26787095392322,1
0,1029,374.2619559738082,39.18641412907746,1
0,1030,390.05913616893656,50.44265791047917,1
0,1031,397.33369780736746,55.94314600877746,1
0,1032,405.3231841231518,61.87986066964531,1
0,1033,418.88202704690246,74.13172437392633,1
0,1034,426.28397462024066,81.70934365172434,1
0,1035,434.51962202401086,90.51832787208707,1
0,1036,447.761636084201,106.40584410765683,1
0,1037,454.67570455200024,115.52222917378208,1
0,1038,458.47609872485333,120.68181515542844,1
0,1039,464.13763711004316,128.91596190245306,1
0,1040,467.60407559958617,135.6564498831036,1
0,1041,471.0854989429565,140.95426797467297,1
0,1042,476.1129552697368,150.94608951670315,1
0,1043,479.2096361864961,157.90787284397456,1
0,1044,481.99582457444257,164.00169972367848,1
0,1045,485.21846635446053,172.92081791002542,1
0,1046,487.4278855045924,179.85922377539967,1
0,1047,488.7251931273328,184.77806591415478,1
0,1048,491.55834935412673,197.613742464318,1
0,1049,492.8971333741945,204.58828172480605,1
0,1050,493.555226750645,210.51070122575854,1
0,1051,495.92311821279975,227.65465270966928,1
0,1052,496.2755191952218,233.69594334548324,1
0,1053,496.61646762081375,241.78636900477738,1
0,1054,496.3987952568528,257.0186389752466,1
0,1055,496.30252121085107,265.16407920617723,1
0,1056,495.64002973276337,272.315916912673,1
0,1057,493.262651524213,289.7485668003814,1
0,1058,491.61727505305925,298.00134033417874,1
0,1059,489.56363040075104,308.24449632072043,1
0,1060,485.5285333205878,323.62894290018215,1
0,1061,483.3845259456637,330.7705873369221,1
0,1062,480.93541673610736,338.8171307192455,1
0,1063,477.2044783000048,349.7825437533138,1
0,1064,474.529794647515,355.05322464797126,1
0,1065,472.10760092754595,360.9956740287006,1
0,1066,467.9960043002283,369.1324830401258,1
0,1067,465.6351052683786,374.046952500301,1
0,1068,463.47157168517845,378.0421010034343,1
0,1069,460.9181691577811,381.3976855497974,1
0,1070,457.5412224136945,387.3071600903296,1
0,1071,455.773494921725,389.5220807879324,1
0,1072,450.08178678793763,396.96466620650415,1
0,1073,446.36789882181944,401.33463245747726,1
0,1074,444.2045432558265,404.313362915095,1
0,1075,437.051375392815,411.3338504964671,1
0,1076,434.08836961276137,414.52953133709354,1
0,1077,430.6606222853115,417.2251897936264,1
0,1078,424.82767474552645,422.75616959960274,1
0,1079,422.0083093911138,425.12096515325663,1
0,1080,418.3969274679106,427.76598107756786,1
0,1081,411.8002166586132,432.71299740131917,1
0,1082,407.74811439739847,436.004659756275,1
0,1083,405.5574415948221,437.97898484098295,1
0,1084,399.5020545957623,442.44792502754495,1
0,1085,395.60041946418346,444.93289855849366,1
0,1086,393.0649369200535,447.4723928884332,1
0,1087,385.9644923318428,451.99483929717724,1
0,1088,382.20435775569183,453.72016052438147,1
0,1089,378.12981558374634,456.0402151917152,1
0,1090,371.9516888163581,459.4425085656573,1
0,1091,368.96296595691985,460.81135878997134,1
0,1092,366.8741962640717,461.90922160148943,1
0,1093,358.93156414706925,465.04657864595777,1
0,1094,353.9492536694026,466.8038286551057,1
0,1095,350.8392262991819,468.05624753472887,1
0,1096,340.85216585157707,470.81560975374356,1
0,1097,337.87022346250205,471.44795652905157,1
0,1098,331.4413554914238,473.70219745417427,1
0,1099,326.35737275931064,474.64906615495323,1
0,1100,316.8876715116585,476.71780937738515,1
0,1101,311.4982808246498,477.9931235352117,1
0,1102,297.55942747941924,480.20217471103126,1
0,1103,288.7481815348263,481.9624523759622,1
0,1104,281.0995239802686,482.9869991581146,1
0,1105,262.53272167455196,484.6452580171259,1
0,1106,256.0,485.15,1
0,1107,246.2310294484868,485.0280868513197,1
0,1108,229.17832689427672,485.593521945848,1
0,1109,221.75336927812697,485.02434309542235,1
0,1110,215.43712821528507,484.43301497912796,1
0,1111,198.86565970296616,482.421274572522,1
0,1112,190.59369459723595,480.7023071561641,1
0,1113,181.43220105859643,478.6531461953466,1
0,1114,162.94230244504013,472.43756628093774,1
0,1115,153.0901905485682,469.09607001847513,1
0,1116,142.7293281410737,463.83609510258657,1
0,1117,125.40148968756347,453.97075777241247,1
0,1118,116.42155221104984,448.30808360610735,1
0,1119,107.64926137386256,442.4686367821348,1
0,1120,93.82694009229992,431.5164129553863,1
0,1121,86.6916627082869,426.3282670322442,1
0,1122,81.3423373418492,420.4437642245607,1
0,1123,70.26035551761841,408.06157705286466,1
0,1124,63.65816022020147,400.51080024371896,1
0,1125,58.279910088388675,392.5695466307826,1
0,1126,46.02046704612559,374.68408385511333,1
0,1127,40.68398596618331,366.18519028788523,1
0,1128,32.18647865937701,351.3465673459428,1
0,1129,28.72332083823458,344.1072588525099,1
0,1130,25.581763427817187,337.79348659961914,1
0,1131,21.28972575788355,326.61198926847646,1
0,1132,19.2314651667996,322.3744427733154,1
0,1133,16.362809883990394,315.1696765920538,1
0,1134,13.685535927560078,304.2658892169728,1
0,1135,12.263557697074688,299.2435623477821,1
0,1136,10.823922136466257,293.26676380443877,1
0,1137,7.7421794276004405,281.3125620519887,1
0,1138,6.51524783171349,274.4443980117755,1
0,1139,5.844924449094247,267.6351198129011,1
0,1140,3.900977497312967,255.03779002463986,1
0,1141,3.9791080743698455,247.34279380467626,1
0,1142,3.697655234960866,240.6508078918036,1
0,1143,3.802420213560886,228.29647801792325,1
0,1144,3.7053935529488093,222.67807080168978,1
0,1145,4.12792317157896,217.03111267599562,1
0,1146,5.449684863535879,203.0535183444382,1
0,1147,6.300440317533539,195.69520072201502,1
0,1148,7.36925163297332,187.50926555607802,1
0,1149,9.825060586680632,171.46445473305826,1
0,1150,11.349243915102967,162.75574958929857,1
0,1151,12.638809263610774,155.9004913381938,1
0,1152,17.334659079233376,142.6111024206164,1
0,1153,19.69657439778798,136.4797345525814,1
0,1154,22.11699667474818,130.41301768365372,1
0,1155,24.003216806348107,126.8096344857535,1
0,1156,27.081916003720888,120.64764081708148,1
0,1157,29.03487348776019,117.09734257196266,1
0,1158,31.80055663019222,112.58497145250149,1
0,1159,36.860295189034986,103.86995698873636,1
0,1160,39.52480515032932,100.21032002188679,1
0,1161,46.6370175860489,91.04734719250095,1
0,1162,50.046079698106816,87.24480539132657,1
0,1163,56.311298111600856,81.84227369531305,1
0,1164,68.3922503002725,70.22256980817048,1
0,1165,75.0676622488283,64.96484136172975,1
0,1166,83.77915693117814,57.99207882103255,1
0,1167,99.64947012632562,48.46328475544504,1
0,1168,106.14023911959771,43.77623925337701,1
0,1169,113.26734487375059,39.56878438731231,1
0,1170,127.40009363988045,32.59286334530157,1
0,1171,135.45135462936491,29.029503683829894,1
0,1172,143.62328834682387,25.58052397906437,1
0,1173,160.9869602108867,19.41753093601497,1
0,1174,170.04384733300745,17.23290933298444,1
0,1175,180.5938906947513,13.555040870647336,1
0,1176,203.16606864029234,9.121448229299931,1
0,1177,217.4394383423799,7.284377597727826,1
0,1178,229.88209301575793,6.428888615265244,1
0,1179,254.0677228718422,4.80397023706726,1
0,1180,265.65772498268524,4.899150365886895,1
0,1181,277.2149506732383,5.277855644248067,1
0,1182,288.70107711079623,5.932939781978018,1
0,1183,300.0799789826416,6.852292557085107,1
0,1184,310.3882626038838,7.913188069762958,1
0,1185,328.89300998261206,10.814420989739373,1
0,1186,340.11826259553715,14.041851418378313,1
0,1187,347.52718236245926,16.33088334928666,1
0,1188,363.35046637588476,22.46565201825704,1
0,1189,371.75864472537074,26.364964883522347,1
0,1190,378.2118556225158,29.43802154636322,1
0,1191,392.37585773455737,37.79862759793988,1
0,1192,398.0506835116038,41.51287517495883,1
0,1193,406.2332545121555,46.61240149532749,1
0,1194,419.2007741908326,56.21974193605301,1
0,1195,426.7541935014557,62.728770026047485,1
0,1196,432.98041587066336,67.78273228882186,1
0,1197,442.1271190139526,76.42006608751092,1
0,1198,445.5701713587789,79.5036335500626,1
0,1199,448.3056902319503,82.36476512003333,1
0,1200,452.80815249592723,87.17404925945738,1
0,1201,454.5885863370841,89.11100023940534,1
0,1202,455.7114673644286,90.81808539062015,1
0,1203,459.85664550760015,94.96255856742275,1
0,1204,462.6800522022996,98.66248279848168,1
0,1205,463.9989438483202,101.16670548670184,1
0,1206,468.9033480194465,108.46171497809678,1
0,1207,472.8059594670097,112.70335724809985,1
0,1208,474.8701605115118,116.29564221214574,1
0,1209,480.129163230186,126.19185963872718,1
0,1210,483.07089394986525,131.718399629825,1
0,1211,485.7486440136096,136.4559901418375,1
0,1212,488.75310671093376,142.89507667767884,1
0,1213,491.1378471672858,149.20432443014212,1
0,1214,493.79965613069334,154.88833521151778,1
0,1215,497.52539926390017,166.72018313587517,1
0,1216,499.91238779070585,175.00978627202363,1
0,1217,502.0308932509567,182.47352612811144,1
0,1218,505.188350685682,199.15094662297835,1
0,1219,506.4700982443844,206.66498063372478,1
0,1220,507.9468374289568,217.97028871915728,1
0,1221,509.14148508899956,238.80548404138926,1
0,1222,509.3888897642013,248.35052404407287,1
0,1223,509.41561521408846,261.7377120446655,1
0,1224,507.68534978471996,284.7093555013576,1
0,1225,505.4014878601618,297.24716914147893,1
0,1226,503.55496198973464,306.85431386949585,1
0,1227,497.32045159204233,326.4655719004348,1
0,1228,493.19594595430897,337.3243242949322,1
0,1229,489.4762850679842,347.0654389715822,1
0,1230,482.0042685583138,363.66726956218884,1
0,1231,477.78409312497456,370.78299559298966,1
0,1232,472.9646491696792,379.5628270613171,1
0,1233,463.3851506118683,392.9524579946715,1
0,1234,458.56691059826755,399.8518640550009,1
0,1235,452.0736999883206,407.9571175005803,1
0,1236,440.66704869118547,421.02161799169795,1
0,1237,432.7781813530456,427.84024330460153,1
0,1238,426.8437025084006,433.756453477513,1
0,1239,414.94263685427495,444.55927722977844,1
0,1240,408.73256601524395,450.1181645659735,1
0,1241,398.2442798480987,459.0659718718645,1
0,1242,392.37680506677503,463.0180277907642,1
0,1243,387.2829549172304,466.64056200842185,1
0,1244,378.09306965672573,472.83729164912734,1
0,1245,374.2313082432887,474.87448802238333,1
0,1246,369.05396214748396,478.2095116987234,1
0,1247,359.47009076226476,482.46284027428845,1
0,1248,354.44058389044966,485.04492291247925,1
0,1249,348.3206173895387,488.25923739672373,1
0,1250,336.56801609475633,492.85055325905967,1
0,1251,329.9603191410182,494.4247128728899,1
0,1252,321.0197755328284,497.64065842928613,1
0,1253,306.3157573909163,501.7731227342385,1
0,1254,298.5323011392088,503.46066113093354,1
0,1255,291.7008274496547,504.9409047347332,1
0,1256,279.04187552158476,507.5404747064617,1
0,1257,271.3491921089542,508.30234475899306,1
0,1258,264.60510961272337,509.3726713887343,1
0,1259,253.14223000708085,510.34152964377273,1
0,1260,248.3808299481362,510.28980123408843,1
0,1261,242.67294927178395,510.1658966694311,1
0,1262,233.18551818852822,509.81110961814545,1
0,1263,228.45919384983227,509.56535343873014,1
0,1264,223.7477548672374,509.2749840712521,1
0,1265,213.44657442193957,508.4836586400808,1
0,1266,206.94567798562434,507.8750764330547,1
0,1267,202.2311962725339,506.9210839718002,1
0,1268,188.94885202856554,503.42817998132034,1
0,1269,182.20138427334837,501.04924958128174,1
0,1270,173.51673581694774,497.761291683404,1
0,1271,166.96088383732766,495.64783392719255,1
0,1272,161.33069176278195,493.61996359866777,1
0,1273,148.0847435344583,487.92313891108194,1
0,1274,143.23147140605573,485.32759596947665,1
0,1275,137.34972466922142,481.91012430456425,1
0,1276,126.4946873094379,475.0163376223455,1
0,1277,120.70317408595733,471.33156800017946,1
0,1278,114.7265260874028,466.95566034904687,1
0,1279,102.42343303129567,456.6093905726574,1
0,1280,96.09607982626903,450.58187878864754,1
0,1281,91.56894451087325,445.579334593107,1
0,1282,79.46660794241686,433.5033557275364,1
0,1283,74.12556097459174,427.1759425931701,1
0,1284,68.44566098064247,421.2033037832336,1
0,1285,58.494063784921735,408.75089650822827,1
0,1286,54.68031031433525,403.8289508373886,1
0,1287,51.55907626840465,399.1086466216233,1
0,1288,44.63703378671663,388.4671124208283,1
0,1289,41.46365990674883,382.77147367066,1
0,1290,38.58655732831755,377.8685217058057,1
0,1291,33.36787095409444,367.316064475153,1
0,1292,29.537159729843417,359.4700907647421,1
0,1293,27.679401534985736,355.5243634342021,1
0,1294,23.03343490527609,344.70275069482625,1
0,1295,21.15637434359284,339.80311956475464,1
0,1296,19.9983468164706,335.9675023537447,1
0,1297,19.025088151182054,333.04122649110457,1
0,1298,17.13769750195587,327.1712166559944,1
0,1299,16.086607367966828,323.2927808604952,1
